{"cameraMode":{"drawMode":0,"name":"Shaded","section":"Shading Mode"},"sceneLighting":true,"audioPlay":false,"sceneViewState":{"m_AlwaysRefresh":false,"showFog":true,"showSkybox":true,"showFlares":true,"showImageEffects":true,"showParticleSystems":true,"showVisualEffectGraphs":true,"m_FxEnabled":true},"in2DMode":false,"pivot":{"x":5.344562530517578,"y":14.664735794067383,"z":4.473657608032227},"rotation":{"x":-0.49435126781463625,"y":-0.5054236054420471,"z":0.5005903244018555,"w":-0.49971115589141848},"size":6.4377875328063969,"orthographic":true}