{"cameraMode":{"drawMode":0,"name":"Shaded","section":"Shading Mode"},"sceneLighting":true,"audioPlay":false,"sceneViewState":{"m_AlwaysRefresh":false,"showFog":true,"showSkybox":true,"showFlares":true,"showImageEffects":true,"showParticleSystems":true,"showVisualEffectGraphs":true,"m_FxEnabled":true},"in2DMode":false,"pivot":{"x":5.147578716278076,"y":1.236515998840332,"z":4.20190954208374},"rotation":{"x":-0.6623711585998535,"y":0.0044025941751897339,"z":-0.004965389613062143,"w":-0.7493095397949219},"size":4.961893558502197,"orthographic":true}